{
  "currency": "ARS",
  "items": [
    {
      "code": "VISITA",
      "name": "Visita t\u00e9cnica",
      "unit": "visita",
      "price_ars": 39689
    },
    {
      "code": "HORA",
      "name": "Hora de trabajo",
      "unit": "hora",
      "price_ars": 39689
    },
    {
      "code": "BOCA",
      "name": "Boca completa",
      "unit": "boca",
      "price_ars": 79239
    },
    {
      "code": "AMURADO_COMUN",
      "name": "Amurado en mamposter\u00eda (ladrillo com\u00fan)",
      "unit": "boca",
      "price_ars": 45589
    },
    {
      "code": "CABLEADO_PROPIO",
      "name": "Cableado obra nueva \u2013 canalizaci\u00f3n propia",
      "unit": "boca",
      "price_ars": 19496
    },
    {
      "code": "TP_MONO",
      "name": "Tablero principal monof\u00e1sico (ID+TM+PAT)",
      "unit": "ud",
      "price_ars": 234079
    },
    {
      "code": "TP_TRI",
      "name": "Tablero principal trif\u00e1sico (ID+TM+PAT)",
      "unit": "ud",
      "price_ars": 316987
    },
    {
      "code": "PAT",
      "name": "Puesta a tierra (PAT)",
      "unit": "ud",
      "price_ars": 118815
    },
    {
      "code": "APLIQUE",
      "name": "Aplique simple",
      "unit": "ud",
      "price_ars": 21715
    },
    {
      "code": "TUBO_DOBLE",
      "name": "Tubo LED doble 7\u201336 W",
      "unit": "ud",
      "price_ars": 53464
    },
    {
      "code": "VENT_TECHO",
      "name": "Ventilador de techo",
      "unit": "ud",
      "price_ars": 79239
    },
    {
      "code": "GAB_1M",
      "name": "Gabinete 1 medidor monof\u00e1sico",
      "unit": "ud",
      "price_ars": 166365
    },
    {
      "code": "BANDEJA_H3M",
      "name": "Bandeja H<3 m (metro lineal)",
      "unit": "m",
      "price_ars": 9620
    }
  ]
}