{
  "plans": [
    {
      "slug": "basic",
      "name": "BASIC",
      "price_ars": 250000,
      "sla": "72h h\u00e1biles",
      "description": "Mantenimiento preventivo para oficinas peque\u00f1as.",
      "features": [
        "Visita mensual programada",
        "Chequeo tableros y t\u00e9rmicas",
        "Relevamiento luces de emergencia",
        "Reporte ejecutivo trimestral"
      ]
    },
    {
      "slug": "pro",
      "name": "PRO",
      "price_ars": 480000,
      "sla": "48h h\u00e1biles",
      "description": "Para locales/plantas medianas con soporte correctivo.",
      "features": [
        "2 visitas mensuales",
        "Guardia telef\u00f3nica",
        "Termograf\u00eda semestral",
        "Medici\u00f3n puesta a tierra anual",
        "Reporte bimestral"
      ]
    },
    {
      "slug": "elite",
      "name": "ELITE",
      "price_ars": 950000,
      "sla": "24h h\u00e1biles",
      "description": "Soporte prioritario para corporativos multi-sitio.",
      "features": [
        "4 visitas mensuales",
        "Atenci\u00f3n prioritaria",
        "Termograf\u00eda trimestral",
        "Certificaciones y auditor\u00edas",
        "Reporte mensual + KPI"
      ]
    }
  ]
}